[
  {
    "oracle_id": "f9db72dc-9a5b-48a4-a86e-7464d9a2166a",
    "name": "Abrade",
    "type_line": "Instant",
    "power": 0.0,
    "toughness": 0.0,
    "b_isCommander": false,
    "cmc": 2.0,
    "mana_cost": "{1}{R}",
    "colors": [
      "R"
    ],
    "layout": "normal"
  },
  {
    "oracle_id": "9d7624ea-ffff-470b-928b-bbac66ddbd1c",
    "name": "Act of Aggression",
    "type_line": "Instant",
    "power": 0.0,
    "toughness": 0.0,
    "b_isCommander": false,
    "cmc": 5.0,
    "mana_cost": "{3}{R/P}{R/P}",
    "colors": [
      "R"
    ],
    "layout": "normal"
  },
  {
    "oracle_id": "84de4fec-2f38-4293-93d3-b3882c5aac14",
    "name": "Ambition's Cost",
    "type_line": "Sorcery",
    "power": 0.0,
    "toughness": 0.0,
    "b_isCommander": false,
    "cmc": 4.0,
    "mana_cost": "{3}{B}",
    "colors": [
      "B"
    ],
    "layout": "normal"
  },
  {
    "oracle_id": "0bc7f093-bef0-4f1a-852c-4b75ebf54838",
    "name": "Arcane Signet",
    "type_line": "Artifact",
    "power": 0.0,
    "toughness": 0.0,
    "b_isCommander": false,
    "cmc": 2.0,
    "mana_cost": "{2}",
    "colors": [],
    "layout": "normal"
  },
  {
    "oracle_id": "4d18bcba-a346-445e-a182-6cc30b7e066d",
    "name": "Ashnod's Altar",
    "type_line": "Artifact",
    "power": 0.0,
    "toughness": 0.0,
    "b_isCommander": false,
    "cmc": 3.0,
    "mana_cost": "{3}",
    "colors": [],
    "layout": "normal"
  },
  {
    "oracle_id": "13ff3222-91cb-4796-a34e-899ed817694c",
    "name": "Badlands",
    "type_line": "Land — Swamp Mountain",
    "power": 0.0,
    "toughness": 0.0,
    "b_isCommander": false,
    "cmc": 0.0,
    "mana_cost": "",
    "colors": [],
    "layout": "normal"
  },
  {
    "oracle_id": "37688720-03de-4eca-a82d-a0afe8d58adc",
    "name": "Baleful Strix",
    "type_line": "Artifact Creature — Bird",
    "power": 1.0,
    "toughness": 1.0,
    "b_isCommander": false,
    "cmc": 2.0,
    "mana_cost": "{U}{B}",
    "colors": [
      "B",
      "U"
    ],
    "layout": "normal"
  },
  {
    "oracle_id": "c7f33cea-2ec8-4081-9208-a5b1d86721b3",
    "name": "Bastion of Remembrance",
    "type_line": "Enchantment",
    "power": 0.0,
    "toughness": 0.0,
    "b_isCommander": false,
    "cmc": 3.0,
    "mana_cost": "{2}{B}",
    "colors": [
      "B"
    ],
    "layout": "normal"
  },
  {
    "oracle_id": "7a2484a9-04fd-41a0-8224-610c1c07ed10",
    "name": "Blasphemous Act",
    "type_line": "Sorcery",
    "power": 0.0,
    "toughness": 0.0,
    "b_isCommander": false,
    "cmc": 9.0,
    "mana_cost": "{8}{R}",
    "colors": [
      "R"
    ],
    "layout": "normal"
  },
  {
    "oracle_id": "e48ea9ea-64bc-4f1c-a424-592d48569244",
    "name": "Blighted Agent",
    "type_line": "Creature — Phyrexian Human Rogue",
    "power": 1.0,
    "toughness": 1.0,
    "b_isCommander": false,
    "cmc": 2.0,
    "mana_cost": "{1}{U}",
    "colors": [
      "U"
    ],
    "layout": "normal"
  },
  {
    "oracle_id": "ddb2fb87-235a-4365-aa25-40c197425e43",
    "name": "Bloodflow Connoisseur",
    "type_line": "Creature — Vampire",
    "power": 1.0,
    "toughness": 1.0,
    "b_isCommander": false,
    "cmc": 3.0,
    "mana_cost": "{2}{B}",
    "colors": [
      "B"
    ],
    "layout": "normal"
  },
  {
    "oracle_id": "fc0707c7-d504-4ccf-a0d2-3eb6e26e7a57",
    "name": "Bloodstained Mire",
    "type_line": "Land",
    "power": 0.0,
    "toughness": 0.0,
    "b_isCommander": false,
    "cmc": 0.0,
    "mana_cost": "",
    "colors": [],
    "layout": "normal"
  },
  {
    "oracle_id": "36cd2364-d113-47d1-b2c4-b088d9eb88dd",
    "name": "Brainstorm",
    "type_line": "Instant",
    "power": 0.0,
    "toughness": 0.0,
    "b_isCommander": false,
    "cmc": 1.0,
    "mana_cost": "{U}",
    "colors": [
      "U"
    ],
    "layout": "normal"
  },
  {
    "oracle_id": "1049bc06-83de-4ed6-ae38-f259e5038a95",
    "name": "Captivating Crew",
    "type_line": "Creature — Human Pirate",
    "power": 4.0,
    "toughness": 3.0,
    "b_isCommander": false,
    "cmc": 4.0,
    "mana_cost": "{3}{R}",
    "colors": [
      "R"
    ],
    "layout": "normal"
  },
  {
    "oracle_id": "0895c9b7-ae7d-4bb3-af17-3b75deb50a25",
    "name": "Command Tower",
    "type_line": "Land",
    "power": 0.0,
    "toughness": 0.0,
    "b_isCommander": false,
    "cmc": 0.0,
    "mana_cost": "",
    "colors": [],
    "layout": "normal"
  },
  {
    "oracle_id": "cc187110-1148-4090-bbb8-e205694a39f5",
    "name": "Counterspell",
    "type_line": "Instant",
    "power": 0.0,
    "toughness": 0.0,
    "b_isCommander": false,
    "cmc": 2.0,
    "mana_cost": "{U}{U}",
    "colors": [
      "U"
    ],
    "layout": "normal"
  },
  {
    "oracle_id": "7190debf-708b-4f41-9714-0d0a5bd5a74e",
    "name": "Crumbling Necropolis",
    "type_line": "Land",
    "power": 0.0,
    "toughness": 0.0,
    "b_isCommander": false,
    "cmc": 0.0,
    "mana_cost": "",
    "colors": [],
    "layout": "normal"
  },
  {
    "oracle_id": "026ef98e-4f0a-4a6d-b74f-d17ac8b10e37",
    "name": "Cytoplast Manipulator",
    "type_line": "Creature — Human Wizard Mutant",
    "power": 0.0,
    "toughness": 0.0,
    "b_isCommander": false,
    "cmc": 4.0,
    "mana_cost": "{2}{U}{U}",
    "colors": [
      "U"
    ],
    "layout": "normal"
  },
  {
    "oracle_id": "724767ca-bd84-4137-9133-4ad2e96b8428",
    "name": "Dack's Duplicate",
    "type_line": "Creature — Shapeshifter",
    "power": 0.0,
    "toughness": 0.0,
    "b_isCommander": false,
    "cmc": 4.0,
    "mana_cost": "{2}{U}{R}",
    "colors": [
      "R",
      "U"
    ],
    "layout": "normal"
  },
  {
    "oracle_id": "0c6ce7c9-316b-4171-a8fa-ca26af1eecb7",
    "name": "Dark Tutelage",
    "type_line": "Enchantment",
    "power": 0.0,
    "toughness": 0.0,
    "b_isCommander": false,
    "cmc": 3.0,
    "mana_cost": "{2}{B}",
    "colors": [
      "B"
    ],
    "layout": "normal"
  },
  {
    "oracle_id": "82004860-e589-4e38-8d61-8c0210e4ea39",
    "name": "Demonic Tutor",
    "type_line": "Sorcery",
    "power": 0.0,
    "toughness": 0.0,
    "b_isCommander": false,
    "cmc": 2.0,
    "mana_cost": "{1}{B}",
    "colors": [
      "B"
    ],
    "layout": "normal"
  },
  {
    "oracle_id": "038519b9-bca8-4b27-b5ac-2409595469d0",
    "name": "Diabolic Intent",
    "type_line": "Sorcery",
    "power": 0.0,
    "toughness": 0.0,
    "b_isCommander": false,
    "cmc": 2.0,
    "mana_cost": "{1}{B}",
    "colors": [
      "B"
    ],
    "layout": "normal"
  },
  {
    "oracle_id": "7d881c57-0bd9-4c57-aa4a-b10808b86143",
    "name": "Dimir Signet",
    "type_line": "Artifact",
    "power": 0.0,
    "toughness": 0.0,
    "b_isCommander": false,
    "cmc": 2.0,
    "mana_cost": "{2}",
    "colors": [],
    "layout": "normal"
  },
  {
    "oracle_id": "697bcfe1-ecbf-42a1-bfc7-0766d48ca56b",
    "name": "Dockside Extortionist",
    "type_line": "Creature — Goblin Pirate",
    "power": 1.0,
    "toughness": 2.0,
    "b_isCommander": false,
    "cmc": 2.0,
    "mana_cost": "{1}{R}",
    "colors": [
      "R"
    ],
    "layout": "normal"
  },
  {
    "oracle_id": "89b24b5f-d837-4274-8877-8ff7dc2708ba",
    "name": "Drana, Liberator of Malakir",
    "type_line": "Legendary Creature — Vampire Ally",
    "power": 2.0,
    "toughness": 3.0,
    "b_isCommander": false,
    "cmc": 3.0,
    "mana_cost": "{1}{B}{B}",
    "colors": [
      "B"
    ],
    "layout": "normal"
  },
  {
    "oracle_id": "cd2a87c4-d1c3-4a9e-b2df-e6fe251421c4",
    "name": "Falkenrath Aristocrat",
    "type_line": "Creature — Vampire Noble",
    "power": 4.0,
    "toughness": 1.0,
    "b_isCommander": false,
    "cmc": 4.0,
    "mana_cost": "{2}{B}{R}",
    "colors": [
      "B",
      "R"
    ],
    "layout": "normal"
  },
  {
    "oracle_id": "5825997b-10d7-4a36-972c-a80ddd90b8ed",
    "name": "Feed the Swarm",
    "type_line": "Sorcery",
    "power": 0.0,
    "toughness": 0.0,
    "b_isCommander": false,
    "cmc": 2.0,
    "mana_cost": "{1}{B}",
    "colors": [
      "B"
    ],
    "layout": "normal"
  },
  {
    "oracle_id": "025939a0-424a-41bf-8fc9-2ef9ea5485f7",
    "name": "Fire Covenant",
    "type_line": "Instant",
    "power": 0.0,
    "toughness": 0.0,
    "b_isCommander": false,
    "cmc": 3.0,
    "mana_cost": "{1}{B}{R}",
    "colors": [
      "B",
      "R"
    ],
    "layout": "normal"
  },
  {
    "oracle_id": "ba9f3c5d-556f-48d1-8d87-723f7893cfcd",
    "name": "Flayer of the Hatebound",
    "type_line": "Creature — Devil",
    "power": 4.0,
    "toughness": 2.0,
    "b_isCommander": false,
    "cmc": 6.0,
    "mana_cost": "{5}{R}",
    "colors": [
      "R"
    ],
    "layout": "normal"
  },
  {
    "oracle_id": "86bf58f2-7f25-4e10-b797-25e0e8e67769",
    "name": "Flusterstorm",
    "type_line": "Instant",
    "power": 0.0,
    "toughness": 0.0,
    "b_isCommander": false,
    "cmc": 1.0,
    "mana_cost": "{U}",
    "colors": [
      "U"
    ],
    "layout": "normal"
  },
  {
    "oracle_id": "e1105d84-86b5-44ef-9efc-d994ee1c35cc",
    "name": "Geyadrone Dihada",
    "type_line": "Legendary Planeswalker — Dihada",
    "power": 0.0,
    "toughness": 0.0,
    "b_isCommander": false,
    "cmc": 4.0,
    "mana_cost": "{1}{U}{B}{R}",
    "colors": [
      "B",
      "R",
      "U"
    ],
    "layout": "normal"
  },
  {
    "oracle_id": "5f3f68b5-8c6a-4181-bb8a-9c73967d198a",
    "name": "Glen Elendra Archmage",
    "type_line": "Creature — Faerie Wizard",
    "power": 2.0,
    "toughness": 2.0,
    "b_isCommander": false,
    "cmc": 4.0,
    "mana_cost": "{3}{U}",
    "colors": [
      "U"
    ],
    "layout": "normal"
  },
  {
    "oracle_id": "edad60c6-80de-4033-af1b-a703ac332983",
    "name": "Goblin Bombardment",
    "type_line": "Enchantment",
    "power": 0.0,
    "toughness": 0.0,
    "b_isCommander": false,
    "cmc": 2.0,
    "mana_cost": "{1}{R}",
    "colors": [
      "R"
    ],
    "layout": "normal"
  },
  {
    "oracle_id": "72aef1d8-11df-4bc2-af83-907b05df73a8",
    "name": "Grim Haruspex",
    "type_line": "Creature — Human Wizard",
    "power": 3.0,
    "toughness": 2.0,
    "b_isCommander": false,
    "cmc": 3.0,
    "mana_cost": "{2}{B}",
    "colors": [
      "B"
    ],
    "layout": "normal"
  },
  {
    "oracle_id": "fcb6c6d4-ea8d-49cf-b6df-377084bdb757",
    "name": "Immersturm Predator",
    "type_line": "Creature — Vampire Dragon",
    "power": 3.0,
    "toughness": 3.0,
    "b_isCommander": false,
    "cmc": 4.0,
    "mana_cost": "{2}{B}{R}",
    "colors": [
      "B",
      "R"
    ],
    "layout": "normal"
  },
  {
    "oracle_id": "4d6a1391-817a-4ddc-840d-886b138eeb3f",
    "name": "Imperial Recruiter",
    "type_line": "Creature — Human Advisor",
    "power": 1.0,
    "toughness": 1.0,
    "b_isCommander": false,
    "cmc": 3.0,
    "mana_cost": "{2}{R}",
    "colors": [
      "R"
    ],
    "layout": "normal"
  },
  {
    "oracle_id": "b2c6aa39-2d2a-459c-a555-fb48ba993373",
    "name": "Island",
    "type_line": "Basic Land — Island",
    "power": 0.0,
    "toughness": 0.0,
    "b_isCommander": false,
    "cmc": 0.0,
    "mana_cost": "",
    "colors": [],
    "layout": "normal"
  },
  {
    "oracle_id": "b2c6aa39-2d2a-459c-a555-fb48ba993373",
    "name": "Island",
    "type_line": "Basic Land — Island",
    "power": 0.0,
    "toughness": 0.0,
    "b_isCommander": false,
    "cmc": 0.0,
    "mana_cost": "",
    "colors": [],
    "layout": "normal"
  },
  {
    "oracle_id": "b2c6aa39-2d2a-459c-a555-fb48ba993373",
    "name": "Island",
    "type_line": "Basic Land — Island",
    "power": 0.0,
    "toughness": 0.0,
    "b_isCommander": false,
    "cmc": 0.0,
    "mana_cost": "",
    "colors": [],
    "layout": "normal"
  },
  {
    "oracle_id": "b2c6aa39-2d2a-459c-a555-fb48ba993373",
    "name": "Island",
    "type_line": "Basic Land — Island",
    "power": 0.0,
    "toughness": 0.0,
    "b_isCommander": false,
    "cmc": 0.0,
    "mana_cost": "",
    "colors": [],
    "layout": "normal"
  },
  {
    "oracle_id": "2fda4fe7-8b0c-489c-a000-6d358e614e34",
    "name": "Izzet Signet",
    "type_line": "Artifact",
    "power": 0.0,
    "toughness": 0.0,
    "b_isCommander": false,
    "cmc": 2.0,
    "mana_cost": "{2}",
    "colors": [],
    "layout": "normal"
  },
  {
    "oracle_id": "f5092c14-eec4-472c-999c-ba96c36b2fbb",
    "name": "Kess, Dissident Mage",
    "type_line": "Legendary Creature — Human Wizard",
    "power": 3.0,
    "toughness": 4.0,
    "b_isCommander": false,
    "cmc": 4.0,
    "mana_cost": "{1}{U}{B}{R}",
    "colors": [
      "B",
      "R",
      "U"
    ],
    "layout": "normal"
  },
  {
    "oracle_id": "a34b7416-cfe3-4a1e-a8c1-a3056b747519",
    "name": "Kiki-Jiki, Mirror Breaker",
    "type_line": "Legendary Creature — Goblin Shaman",
    "power": 2.0,
    "toughness": 2.0,
    "b_isCommander": false,
    "cmc": 5.0,
    "mana_cost": "{2}{R}{R}{R}",
    "colors": [
      "R"
    ],
    "layout": "normal"
  },
  {
    "oracle_id": "819e1765-8325-4e6f-89c1-63ea86de369f",
    "name": "Luxury Suite",
    "type_line": "Land",
    "power": 0.0,
    "toughness": 0.0,
    "b_isCommander": false,
    "cmc": 0.0,
    "mana_cost": "",
    "colors": [],
    "layout": "normal"
  },
  {
    "oracle_id": "17a59d3d-9e01-48cd-bb4a-3eaaa077751c",
    "name": "Marchesa, the Black Rose",
    "type_line": "Legendary Creature — Human Wizard",
    "power": 3.0,
    "toughness": 3.0,
    "b_isCommander": false,
    "cmc": 4.0,
    "mana_cost": "{1}{U}{B}{R}",
    "colors": [
      "B",
      "R",
      "U"
    ],
    "layout": "normal"
  },
  {
    "oracle_id": "5599ddb6-1404-4884-b6ca-c1852a521079",
    "name": "Mark of Mutiny",
    "type_line": "Sorcery",
    "power": 0.0,
    "toughness": 0.0,
    "b_isCommander": false,
    "cmc": 3.0,
    "mana_cost": "{2}{R}",
    "colors": [
      "R"
    ],
    "layout": "normal"
  },
  {
    "oracle_id": "63e6cb7d-cc27-4200-85fc-ff6472318c1a",
    "name": "Massacre Girl",
    "type_line": "Legendary Creature — Human Assassin",
    "power": 4.0,
    "toughness": 4.0,
    "b_isCommander": false,
    "cmc": 5.0,
    "mana_cost": "{3}{B}{B}",
    "colors": [
      "B"
    ],
    "layout": "normal"
  },
  {
    "oracle_id": "1f91297a-ec2b-4ea8-9198-aa1daac20ff8",
    "name": "Metallic Mimic",
    "type_line": "Artifact Creature — Shapeshifter",
    "power": 2.0,
    "toughness": 1.0,
    "b_isCommander": false,
    "cmc": 2.0,
    "mana_cost": "{2}",
    "colors": [],
    "layout": "normal"
  },
  {
    "oracle_id": "bd004c9d-771e-4e63-a97d-a2259c096af8",
    "name": "Morphic Pool",
    "type_line": "Land",
    "power": 0.0,
    "toughness": 0.0,
    "b_isCommander": false,
    "cmc": 0.0,
    "mana_cost": "",
    "colors": [],
    "layout": "normal"
  },
  {
    "oracle_id": "a3fb7228-e76b-4e96-a40e-20b5fed75685",
    "name": "Mountain",
    "type_line": "Basic Land — Mountain",
    "power": 0.0,
    "toughness": 0.0,
    "b_isCommander": false,
    "cmc": 0.0,
    "mana_cost": "",
    "colors": [],
    "layout": "normal"
  },
  {
    "oracle_id": "a3fb7228-e76b-4e96-a40e-20b5fed75685",
    "name": "Mountain",
    "type_line": "Basic Land — Mountain",
    "power": 0.0,
    "toughness": 0.0,
    "b_isCommander": false,
    "cmc": 0.0,
    "mana_cost": "",
    "colors": [],
    "layout": "normal"
  },
  {
    "oracle_id": "a3fb7228-e76b-4e96-a40e-20b5fed75685",
    "name": "Mountain",
    "type_line": "Basic Land — Mountain",
    "power": 0.0,
    "toughness": 0.0,
    "b_isCommander": false,
    "cmc": 0.0,
    "mana_cost": "",
    "colors": [],
    "layout": "normal"
  },
  {
    "oracle_id": "a3fb7228-e76b-4e96-a40e-20b5fed75685",
    "name": "Mountain",
    "type_line": "Basic Land — Mountain",
    "power": 0.0,
    "toughness": 0.0,
    "b_isCommander": false,
    "cmc": 0.0,
    "mana_cost": "",
    "colors": [],
    "layout": "normal"
  },
  {
    "oracle_id": "a3fb7228-e76b-4e96-a40e-20b5fed75685",
    "name": "Mountain",
    "type_line": "Basic Land — Mountain",
    "power": 0.0,
    "toughness": 0.0,
    "b_isCommander": false,
    "cmc": 0.0,
    "mana_cost": "",
    "colors": [],
    "layout": "normal"
  },
  {
    "oracle_id": "a3fb7228-e76b-4e96-a40e-20b5fed75685",
    "name": "Mountain",
    "type_line": "Basic Land — Mountain",
    "power": 0.0,
    "toughness": 0.0,
    "b_isCommander": false,
    "cmc": 0.0,
    "mana_cost": "",
    "colors": [],
    "layout": "normal"
  },
  {
    "oracle_id": "a3fb7228-e76b-4e96-a40e-20b5fed75685",
    "name": "Mountain",
    "type_line": "Basic Land — Mountain",
    "power": 0.0,
    "toughness": 0.0,
    "b_isCommander": false,
    "cmc": 0.0,
    "mana_cost": "",
    "colors": [],
    "layout": "normal"
  },
  {
    "oracle_id": "8a52f3c0-2552-4425-b2e3-5496eb2232a7",
    "name": "Mystic Remora",
    "type_line": "Enchantment",
    "power": 0.0,
    "toughness": 0.0,
    "b_isCommander": false,
    "cmc": 1.0,
    "mana_cost": "{U}",
    "colors": [
      "U"
    ],
    "layout": "normal"
  },
  {
    "oracle_id": "94a844d2-0574-45a7-b347-e0e329767c42",
    "name": "Necropotence",
    "type_line": "Enchantment",
    "power": 0.0,
    "toughness": 0.0,
    "b_isCommander": false,
    "cmc": 3.0,
    "mana_cost": "{B}{B}{B}",
    "colors": [
      "B"
    ],
    "layout": "normal"
  },
  {
    "oracle_id": "3407fe41-fdd3-4119-8f70-4bc4590a379f",
    "name": "Negate",
    "type_line": "Instant",
    "power": 0.0,
    "toughness": 0.0,
    "b_isCommander": false,
    "cmc": 2.0,
    "mana_cost": "{1}{U}",
    "colors": [
      "U"
    ],
    "layout": "normal"
  },
  {
    "oracle_id": "b473e293-59e3-4e04-acf2-622604aeb25f",
    "name": "Path of Ancestry",
    "type_line": "Land",
    "power": 0.0,
    "toughness": 0.0,
    "b_isCommander": false,
    "cmc": 0.0,
    "mana_cost": "",
    "colors": [],
    "layout": "normal"
  },
  {
    "oracle_id": "8d02b297-97c4-4379-9862-0a462400f66f",
    "name": "Phyrexian Altar",
    "type_line": "Artifact",
    "power": 0.0,
    "toughness": 0.0,
    "b_isCommander": false,
    "cmc": 3.0,
    "mana_cost": "{3}",
    "colors": [],
    "layout": "normal"
  },
  {
    "oracle_id": "ee579a32-a048-4335-b966-231ba731cdea",
    "name": "Phyrexian Arena",
    "type_line": "Enchantment",
    "power": 0.0,
    "toughness": 0.0,
    "b_isCommander": false,
    "cmc": 3.0,
    "mana_cost": "{1}{B}{B}",
    "colors": [
      "B"
    ],
    "layout": "normal"
  },
  {
    "oracle_id": "ef86989d-ce80-4e55-aece-7d11710eeffa",
    "name": "Polluted Delta",
    "type_line": "Land",
    "power": 0.0,
    "toughness": 0.0,
    "b_isCommander": false,
    "cmc": 0.0,
    "mana_cost": "",
    "colors": [],
    "layout": "normal"
  },
  {
    "oracle_id": "05849bd6-8f38-4031-be2b-e2aa03beb8cc",
    "name": "Pongify",
    "type_line": "Instant",
    "power": 0.0,
    "toughness": 0.0,
    "b_isCommander": false,
    "cmc": 1.0,
    "mana_cost": "{U}",
    "colors": [
      "U"
    ],
    "layout": "normal"
  },
  {
    "oracle_id": "ac641490-ca14-48d7-8cc4-b69ce984befa",
    "name": "Preordain",
    "type_line": "Sorcery",
    "power": 0.0,
    "toughness": 0.0,
    "b_isCommander": false,
    "cmc": 1.0,
    "mana_cost": "{U}",
    "colors": [
      "U"
    ],
    "layout": "normal"
  },
  {
    "oracle_id": "e3056f28-868b-401a-a528-7528d639bdeb",
    "name": "Prismatic Lens",
    "type_line": "Artifact",
    "power": 0.0,
    "toughness": 0.0,
    "b_isCommander": false,
    "cmc": 2.0,
    "mana_cost": "{2}",
    "colors": [],
    "layout": "normal"
  },
  {
    "oracle_id": "00e0b103-892c-49b3-836d-867fff197bbd",
    "name": "Puppeteer Clique",
    "type_line": "Creature — Faerie Wizard",
    "power": 3.0,
    "toughness": 2.0,
    "b_isCommander": false,
    "cmc": 5.0,
    "mana_cost": "{3}{B}{B}",
    "colors": [
      "B"
    ],
    "layout": "normal"
  },
  {
    "oracle_id": "136c9ecb-59b4-4ef6-bcb2-7b8d3df3ee75",
    "name": "Razaketh, the Foulblooded",
    "type_line": "Legendary Creature — Demon",
    "power": 8.0,
    "toughness": 8.0,
    "b_isCommander": false,
    "cmc": 8.0,
    "mana_cost": "{5}{B}{B}{B}",
    "colors": [
      "B"
    ],
    "layout": "normal"
  },
  {
    "oracle_id": "5bf4d8d9-a2b2-4dba-ac05-9d4470a89db2",
    "name": "Read the Bones",
    "type_line": "Sorcery",
    "power": 0.0,
    "toughness": 0.0,
    "b_isCommander": false,
    "cmc": 3.0,
    "mana_cost": "{2}{B}",
    "colors": [
      "B"
    ],
    "layout": "normal"
  },
  {
    "oracle_id": "bb329a5c-b9f9-4973-a53f-090024146325",
    "name": "Red Elemental Blast",
    "type_line": "Instant",
    "power": 0.0,
    "toughness": 0.0,
    "b_isCommander": false,
    "cmc": 1.0,
    "mana_cost": "{R}",
    "colors": [
      "R"
    ],
    "layout": "normal"
  },
  {
    "oracle_id": "f53da056-97be-41ad-8cfc-0d92e17dcd7b",
    "name": "Sage of Fables",
    "type_line": "Creature — Merfolk Wizard",
    "power": 2.0,
    "toughness": 2.0,
    "b_isCommander": false,
    "cmc": 3.0,
    "mana_cost": "{2}{U}",
    "colors": [
      "U"
    ],
    "layout": "normal"
  },
  {
    "oracle_id": "cb027150-848c-4a66-88ad-e20222304dd8",
    "name": "Scalding Tarn",
    "type_line": "Land",
    "power": 0.0,
    "toughness": 0.0,
    "b_isCommander": false,
    "cmc": 0.0,
    "mana_cost": "",
    "colors": [],
    "layout": "normal"
  },
  {
    "oracle_id": "2ac34f3e-822d-4fde-99ca-a31c4d9503fd",
    "name": "Shimmerdrift Vale",
    "type_line": "Snow Land",
    "power": 0.0,
    "toughness": 0.0,
    "b_isCommander": false,
    "cmc": 0.0,
    "mana_cost": "",
    "colors": [],
    "layout": "normal"
  },
  {
    "oracle_id": "0fe16212-66c3-4e45-a641-7391e9b2e304",
    "name": "Shivan Reef",
    "type_line": "Land",
    "power": 0.0,
    "toughness": 0.0,
    "b_isCommander": false,
    "cmc": 0.0,
    "mana_cost": "",
    "colors": [],
    "layout": "normal"
  },
  {
    "oracle_id": "59c7496b-19a2-478b-b28f-6f153c2458ae",
    "name": "Siren Stormtamer",
    "type_line": "Creature — Siren Pirate Wizard",
    "power": 1.0,
    "toughness": 1.0,
    "b_isCommander": false,
    "cmc": 1.0,
    "mana_cost": "{U}",
    "colors": [
      "U"
    ],
    "layout": "normal"
  },
  {
    "oracle_id": "e7aee670-e6ac-4b3a-b3d1-7b7013db8f3d",
    "name": "Sneak Attack",
    "type_line": "Enchantment",
    "power": 0.0,
    "toughness": 0.0,
    "b_isCommander": false,
    "cmc": 4.0,
    "mana_cost": "{3}{R}",
    "colors": [
      "R"
    ],
    "layout": "normal"
  },
  {
    "oracle_id": "6ad8011d-3471-4369-9d68-b264cc027487",
    "name": "Sol Ring",
    "type_line": "Artifact",
    "power": 0.0,
    "toughness": 0.0,
    "b_isCommander": false,
    "cmc": 1.0,
    "mana_cost": "{1}",
    "colors": [],
    "layout": "normal"
  },
  {
    "oracle_id": "f5c38c01-4a40-469f-91a0-7479daf4e8e7",
    "name": "Sulfurous Springs",
    "type_line": "Land",
    "power": 0.0,
    "toughness": 0.0,
    "b_isCommander": false,
    "cmc": 0.0,
    "mana_cost": "",
    "colors": [],
    "layout": "normal"
  },
  {
    "oracle_id": "56719f6a-1a6c-4c0a-8d21-18f7d7350b68",
    "name": "Swamp",
    "type_line": "Basic Land — Swamp",
    "power": 0.0,
    "toughness": 0.0,
    "b_isCommander": false,
    "cmc": 0.0,
    "mana_cost": "",
    "colors": [],
    "layout": "normal"
  },
  {
    "oracle_id": "56719f6a-1a6c-4c0a-8d21-18f7d7350b68",
    "name": "Swamp",
    "type_line": "Basic Land — Swamp",
    "power": 0.0,
    "toughness": 0.0,
    "b_isCommander": false,
    "cmc": 0.0,
    "mana_cost": "",
    "colors": [],
    "layout": "normal"
  },
  {
    "oracle_id": "56719f6a-1a6c-4c0a-8d21-18f7d7350b68",
    "name": "Swamp",
    "type_line": "Basic Land — Swamp",
    "power": 0.0,
    "toughness": 0.0,
    "b_isCommander": false,
    "cmc": 0.0,
    "mana_cost": "",
    "colors": [],
    "layout": "normal"
  },
  {
    "oracle_id": "56719f6a-1a6c-4c0a-8d21-18f7d7350b68",
    "name": "Swamp",
    "type_line": "Basic Land — Swamp",
    "power": 0.0,
    "toughness": 0.0,
    "b_isCommander": false,
    "cmc": 0.0,
    "mana_cost": "",
    "colors": [],
    "layout": "normal"
  },
  {
    "oracle_id": "56719f6a-1a6c-4c0a-8d21-18f7d7350b68",
    "name": "Swamp",
    "type_line": "Basic Land — Swamp",
    "power": 0.0,
    "toughness": 0.0,
    "b_isCommander": false,
    "cmc": 0.0,
    "mana_cost": "",
    "colors": [],
    "layout": "normal"
  },
  {
    "oracle_id": "56719f6a-1a6c-4c0a-8d21-18f7d7350b68",
    "name": "Swamp",
    "type_line": "Basic Land — Swamp",
    "power": 0.0,
    "toughness": 0.0,
    "b_isCommander": false,
    "cmc": 0.0,
    "mana_cost": "",
    "colors": [],
    "layout": "normal"
  },
  {
    "oracle_id": "56719f6a-1a6c-4c0a-8d21-18f7d7350b68",
    "name": "Swamp",
    "type_line": "Basic Land — Swamp",
    "power": 0.0,
    "toughness": 0.0,
    "b_isCommander": false,
    "cmc": 0.0,
    "mana_cost": "",
    "colors": [],
    "layout": "normal"
  },
  {
    "oracle_id": "8ddfc283-c9b4-41a5-af88-cf0068e986cc",
    "name": "Swan Song",
    "type_line": "Instant",
    "power": 0.0,
    "toughness": 0.0,
    "b_isCommander": false,
    "cmc": 1.0,
    "mana_cost": "{U}",
    "colors": [
      "U"
    ],
    "layout": "normal"
  },
  {
    "oracle_id": "14d2979d-5728-42d7-a027-0eb1f754655d",
    "name": "Talisman of Creativity",
    "type_line": "Artifact",
    "power": 0.0,
    "toughness": 0.0,
    "b_isCommander": false,
    "cmc": 2.0,
    "mana_cost": "{2}",
    "colors": [],
    "layout": "normal"
  },
  {
    "oracle_id": "4c0a0448-b9d6-43a0-8549-64066dac63f0",
    "name": "Talisman of Dominance",
    "type_line": "Artifact",
    "power": 0.0,
    "toughness": 0.0,
    "b_isCommander": false,
    "cmc": 2.0,
    "mana_cost": "{2}",
    "colors": [],
    "layout": "normal"
  },
  {
    "oracle_id": "1d9aeaaa-66f6-41cb-9bac-162d6fd8662c",
    "name": "Talisman of Indulgence",
    "type_line": "Artifact",
    "power": 0.0,
    "toughness": 0.0,
    "b_isCommander": false,
    "cmc": 2.0,
    "mana_cost": "{2}",
    "colors": [],
    "layout": "normal"
  },
  {
    "oracle_id": "f8e17f4f-080d-4bba-bd05-ca27e94ccecc",
    "name": "Terror of the Peaks",
    "type_line": "Creature — Dragon",
    "power": 5.0,
    "toughness": 4.0,
    "b_isCommander": false,
    "cmc": 5.0,
    "mana_cost": "{3}{R}{R}",
    "colors": [
      "R"
    ],
    "layout": "normal"
  },
  {
    "oracle_id": "9965d9c5-2ebf-4a6c-930e-55c5890979be",
    "name": "Thought Vessel",
    "type_line": "Artifact",
    "power": 0.0,
    "toughness": 0.0,
    "b_isCommander": false,
    "cmc": 2.0,
    "mana_cost": "{2}",
    "colors": [],
    "layout": "normal"
  },
  {
    "oracle_id": "afaef788-34d1-460b-b884-9d7ae6ddeb18",
    "name": "Toxic Deluge",
    "type_line": "Sorcery",
    "power": 0.0,
    "toughness": 0.0,
    "b_isCommander": false,
    "cmc": 3.0,
    "mana_cost": "{2}{B}",
    "colors": [
      "B"
    ],
    "layout": "normal"
  },
  {
    "oracle_id": "857febd9-cdd7-4f8e-a852-d88084b0cfbc",
    "name": "Underground River",
    "type_line": "Land",
    "power": 0.0,
    "toughness": 0.0,
    "b_isCommander": false,
    "cmc": 0.0,
    "mana_cost": "",
    "colors": [],
    "layout": "normal"
  },
  {
    "oracle_id": "4b22be3a-8ce1-47d1-b82e-6c3ccfb0548b",
    "name": "Underground Sea",
    "type_line": "Land — Island Swamp",
    "power": 0.0,
    "toughness": 0.0,
    "b_isCommander": false,
    "cmc": 0.0,
    "mana_cost": "",
    "colors": [],
    "layout": "normal"
  },
  {
    "oracle_id": "a5690d5f-633c-4a1e-afba-5fd79dcbf20e",
    "name": "Unspeakable Symbol",
    "type_line": "Enchantment",
    "power": 0.0,
    "toughness": 0.0,
    "b_isCommander": false,
    "cmc": 3.0,
    "mana_cost": "{1}{B}{B}",
    "colors": [
      "B"
    ],
    "layout": "normal"
  },
  {
    "oracle_id": "ededbdae-d9dc-4206-9335-d7158f2d7700",
    "name": "Vampiric Tutor",
    "type_line": "Instant",
    "power": 0.0,
    "toughness": 0.0,
    "b_isCommander": false,
    "cmc": 1.0,
    "mana_cost": "{B}",
    "colors": [
      "B"
    ],
    "layout": "normal"
  },
  {
    "oracle_id": "f82a4e85-526d-4456-b700-7760043a31be",
    "name": "Viscera Seer",
    "type_line": "Creature — Vampire Wizard",
    "power": 1.0,
    "toughness": 1.0,
    "b_isCommander": false,
    "cmc": 1.0,
    "mana_cost": "{B}",
    "colors": [
      "B"
    ],
    "layout": "normal"
  },
  {
    "oracle_id": "c718911c-c955-4eb9-9e16-be4bd49a4e4e",
    "name": "Volcanic Island",
    "type_line": "Land — Island Mountain",
    "power": 0.0,
    "toughness": 0.0,
    "b_isCommander": false,
    "cmc": 0.0,
    "mana_cost": "",
    "colors": [],
    "layout": "normal"
  },
  {
    "oracle_id": "fdba89eb-1cf5-46e6-9d09-1adb9bc40fcd",
    "name": "Yahenni, Undying Partisan",
    "type_line": "Legendary Creature — Aetherborn Vampire",
    "power": 2.0,
    "toughness": 2.0,
    "b_isCommander": false,
    "cmc": 3.0,
    "mana_cost": "{2}{B}",
    "colors": [
      "B"
    ],
    "layout": "normal"
  },
  {
    "oracle_id": "1dae6f39-2cbd-485c-b190-017a26401fd4",
    "name": "Zealous Conscripts",
    "type_line": "Creature — Human Warrior",
    "power": 3.0,
    "toughness": 3.0,
    "b_isCommander": false,
    "cmc": 5.0,
    "mana_cost": "{4}{R}",
    "colors": [
      "R"
    ],
    "layout": "normal"
  }
]